otel_metrics_exponential_histogram	ResourceAttributes	15.115	33
otel_metrics_exponential_histogram	PositiveBucketCounts	14.369	21.5
otel_metrics_exponential_histogram	Sum	7.391	1.1
otel_metrics_exponential_histogram	Max	7.37	1.1
otel_metrics_exponential_histogram	Min	7.314	1.1
otel_metrics_exponential_histogram	Count	1.405	5.7
otel_metrics_exponential_histogram	PositiveOffset	1.187	3.4
otel_metrics_exponential_histogram	batch_id	0.592	13.5
otel_metrics_exponential_histogram	Attributes	0.574	48.8
otel_metrics_exponential_histogram	MetricDescription	0.321	116.9
otel_metrics_exponential_histogram	ResourceSchemaUrl	0.268	175.4
otel_metrics_exponential_histogram	ScopeVersion	0.257	50.6
otel_metrics_exponential_histogram	ScopeName	0.257	62.2
otel_metrics_exponential_histogram	MetricUnit	0.254	35.4
otel_metrics_exponential_histogram	received_at	0.236	34
otel_metrics_exponential_histogram	Scale	0.105	38
otel_metrics_exponential_histogram	row_ordinal	0.077	51.7
otel_metrics_exponential_histogram	StartTimeUnix	0.061	65.3
otel_metrics_exponential_histogram	TimeUnix	0.061	65.3
otel_metrics_exponential_histogram	schema_version	0.009	227.8
otel_metrics_exponential_histogram	producer_id	0.007	146.2
otel_metrics_exponential_histogram	producer_epoch	0.007	146.2
otel_metrics_exponential_histogram	ScopeAttributes	0.003	2667.3
otel_metrics_exponential_histogram	Exemplars.TimeUnix	0.003	2693.5
otel_metrics_exponential_histogram	NegativeBucketCounts	0.003	2693.5
otel_metrics_exponential_histogram	Exemplars.FilteredAttributes	0.003	2667.3
otel_metrics_exponential_histogram	ServiceName	0.002	497.6
otel_metrics_exponential_histogram	AggregationTemporality	0.002	1928.4
otel_metrics_exponential_histogram	MetricName	0.002	465.8
otel_metrics_exponential_histogram	ScopeSchemaUrl	0.001	3.9
otel_metrics_exponential_histogram	NegativeOffset	0.001	3.9
otel_metrics_exponential_histogram	ScopeDroppedAttrCount	0.001	3.9
otel_metrics_exponential_histogram	ZeroCount	0.001	3.9
otel_metrics_exponential_histogram	Flags	0.001	3.9
otel_metrics_exponential_histogram_points	PositiveBucketCounts	13.736	22.5
otel_metrics_exponential_histogram_points	Sum	7.357	1.1
otel_metrics_exponential_histogram_points	Max	7.329	1.1
otel_metrics_exponential_histogram_points	Min	7.292	1.1
otel_metrics_exponential_histogram_points	PositiveOffset	1.083	3.7
otel_metrics_exponential_histogram_points	Count	0.995	8
otel_metrics_exponential_histogram_points	StartTimeUnix	0.091	44.1
otel_metrics_exponential_histogram_points	TimeUnix	0.056	71
otel_metrics_exponential_histogram_points	batch_id	0.04	201.2
otel_metrics_exponential_histogram_points	series_id	0.022	365.7
otel_metrics_exponential_histogram_points	received_at	0.015	530.8
otel_metrics_exponential_histogram_points	row_ordinal	0.01	413.7
otel_metrics_exponential_histogram_points	Scale	0.006	696.1
otel_metrics_exponential_histogram_points	Exemplars.TimeUnix	0.003	2581.8
otel_metrics_exponential_histogram_points	NegativeBucketCounts	0.003	2581.8
otel_metrics_exponential_histogram_points	MetricName	0.002	646.8
otel_metrics_exponential_histogram_points	ServiceName	0.002	522.7
otel_metrics_exponential_histogram_points	producer_id	0.002	654.8
otel_metrics_exponential_histogram_points	producer_epoch	0.002	654.5
otel_metrics_exponential_histogram_points	schema_version	0.001	1615.3
otel_metrics_exponential_histogram_points	ZeroCount	0	6.5
otel_metrics_exponential_histogram_points	NegativeOffset	0	6.5
otel_metrics_exponential_histogram_points	Flags	0	6.5
otel_metrics_gauge	ResourceAttributes	15.074	33.1
otel_metrics_gauge	Value	1.434	5.6
otel_metrics_gauge	Attributes	0.791	38.5
otel_metrics_gauge	MetricDescription	0.293	116.1
otel_metrics_gauge	MetricUnit	0.281	47.6
otel_metrics_gauge	ScopeName	0.277	118.5
otel_metrics_gauge	ResourceSchemaUrl	0.27	174
otel_metrics_gauge	ScopeVersion	0.265	50.7
otel_metrics_gauge	received_at	0.151	53.1
otel_metrics_gauge	batch_id	0.116	69.1
otel_metrics_gauge	row_ordinal	0.046	86.8
otel_metrics_gauge	TimeUnix	0.036	110.5
otel_metrics_gauge	ScopeAttributes	0.003	2378.2
otel_metrics_gauge	Exemplars.FilteredAttributes	0.003	2378.2
otel_metrics_gauge	producer_epoch	0.003	398
otel_metrics_gauge	Exemplars.TimeUnix	0.003	2379.7
otel_metrics_gauge	producer_id	0.003	398
otel_metrics_gauge	ServiceName	0.001	1133.7
otel_metrics_gauge	MetricName	0.001	904.8
otel_metrics_gauge	schema_version	0.001	1487.4
otel_metrics_gauge	ScopeDroppedAttrCount	0	5.6
otel_metrics_gauge	ScopeSchemaUrl	0	5.6
otel_metrics_gauge	StartTimeUnix	0	5.6
otel_metrics_gauge	Flags	0	5.6
otel_metrics_gauge_points	Value	1.251	6.4
otel_metrics_gauge_points	batch_id	0.068	117.6
otel_metrics_gauge_points	TimeUnix	0.063	63.8
otel_metrics_gauge_points	series_id	0.025	325
otel_metrics_gauge_points	received_at	0.022	362.9
otel_metrics_gauge_points	row_ordinal	0.011	366
otel_metrics_gauge_points	Exemplars.TimeUnix	0.005	1463
otel_metrics_gauge_points	MetricName	0.001	1100.5
otel_metrics_gauge_points	ServiceName	0.001	890.8
otel_metrics_gauge_points	producer_id	0.001	1129.7
otel_metrics_gauge_points	producer_epoch	0.001	1129.7
otel_metrics_gauge_points	schema_version	0.001	1456.2
otel_metrics_gauge_points	StartTimeUnix	0	133.9
otel_metrics_gauge_points	Flags	0	133.9
otel_metrics_histogram	ResourceAttributes	15.102	33
otel_metrics_histogram	BucketCounts	9.618	13.2
otel_metrics_histogram	Sum	6.835	1.2
otel_metrics_histogram	Attributes	2.051	30.3
otel_metrics_histogram	Count	1.455	5.5
otel_metrics_histogram	ExplicitBounds	0.292	407.6
otel_metrics_histogram	ScopeName	0.282	217.4
otel_metrics_histogram	MetricDescription	0.281	156.2
otel_metrics_histogram	Exemplars.TraceId	0.273	2.5
otel_metrics_histogram	ResourceSchemaUrl	0.27	174.3
otel_metrics_histogram	MetricUnit	0.267	34.4
otel_metrics_histogram	ScopeVersion	0.258	54.3
otel_metrics_histogram	Max	0.204	39.3
otel_metrics_histogram	Min	0.203	39.4
otel_metrics_histogram	Exemplars.SpanId	0.139	2.9
otel_metrics_histogram	received_at	0.13	61.7
otel_metrics_histogram	Exemplars.Value	0.126	1.1
otel_metrics_histogram	batch_id	0.114	70.3
otel_metrics_histogram	Exemplars.TimeUnix	0.068	118.9
otel_metrics_histogram	row_ordinal	0.047	85.4
otel_metrics_histogram	TimeUnix	0.031	129.7
otel_metrics_histogram	Exemplars.FilteredAttributes	0.026	314.1
otel_metrics_histogram	StartTimeUnix	0.021	187.3
otel_metrics_histogram	ScopeAttributes	0.003	2427.3
otel_metrics_histogram	producer_epoch	0.003	313.9
otel_metrics_histogram	producer_id	0.003	313.9
otel_metrics_histogram	MetricName	0.002	512.9
otel_metrics_histogram	ServiceName	0.002	522
otel_metrics_histogram	AggregationTemporality	0.002	1758.5
otel_metrics_histogram	schema_version	0.001	1541.8
otel_metrics_histogram	ScopeDroppedAttrCount	0	5
otel_metrics_histogram	ScopeSchemaUrl	0	5
otel_metrics_histogram	Flags	0	5
otel_metrics_histogram_points	Sum	6.063	1.3
otel_metrics_histogram_points	BucketCounts	5.924	21.4
otel_metrics_histogram_points	Count	0.828	9.7
otel_metrics_histogram_points	Exemplars.TraceId	0.273	2.5
otel_metrics_histogram_points	Exemplars.SpanId	0.139	2.9
otel_metrics_histogram_points	Exemplars.Value	0.126	1.1
otel_metrics_histogram_points	Max	0.104	77.1
otel_metrics_histogram_points	Min	0.103	77.3
otel_metrics_histogram_points	Exemplars.TimeUnix	0.072	112
otel_metrics_histogram_points	TimeUnix	0.056	71.8
otel_metrics_histogram_points	batch_id	0.053	151.1
otel_metrics_histogram_points	series_id	0.023	346.4
otel_metrics_histogram_points	received_at	0.018	433.2
otel_metrics_histogram_points	StartTimeUnix	0.014	288.8
otel_metrics_histogram_points	row_ordinal	0.01	382.8
otel_metrics_histogram_points	ServiceName	0.001	851.3
otel_metrics_histogram_points	MetricName	0.001	947.3
otel_metrics_histogram_points	producer_epoch	0.001	947.1
otel_metrics_histogram_points	producer_id	0.001	947.2
otel_metrics_histogram_points	schema_version	0.001	1553.7
otel_metrics_histogram_points	Flags	0	25.4
otel_metrics_series	ResourceAttributes	25.263	19.7
otel_metrics_series	series_id	8.035	1
otel_metrics_series	Attributes	3.743	12.8
otel_metrics_series	FirstSeen	0.986	4.1
otel_metrics_series	LastSeen	0.957	4.2
otel_metrics_series	MetricDescription	0.452	82.6
otel_metrics_series	ExplicitBounds	0.071	364.7
otel_metrics_series	ServiceName	0.025	40
otel_metrics_series	MetricName	0.008	125.6
otel_metrics_series	MetricType	0.006	180.2
otel_metrics_series	MetricUnit	0.006	171.4
otel_metrics_series	ScopeAttributes	0.006	1338.9
otel_metrics_series	ScopeName	0.004	270.2
otel_metrics_series	ScopeSchemaUrl	0.004	258.8
otel_metrics_series	AggregationTemporality	0.004	1027.8
otel_metrics_series	ScopeVersion	0.003	341.5
otel_metrics_series	ResourceSchemaUrl	0.002	556.8
otel_metrics_series	ScopeDroppedAttrCount	0.001	17.1
otel_metrics_series	IsMonotonic	0.001	736.2
otel_metrics_sum	ResourceAttributes	15.078	33
otel_metrics_sum	Value	1.776	4.5
otel_metrics_sum	Attributes	1.768	31
otel_metrics_sum	MetricDescription	0.279	132.8
otel_metrics_sum	ScopeName	0.274	150.8
otel_metrics_sum	ResourceSchemaUrl	0.272	172.5
otel_metrics_sum	MetricUnit	0.269	59.4
otel_metrics_sum	ScopeVersion	0.262	51.6
otel_metrics_sum	received_at	0.136	58.9
otel_metrics_sum	batch_id	0.12	66.8
otel_metrics_sum	row_ordinal	0.05	80.2
otel_metrics_sum	TimeUnix	0.033	122.6
otel_metrics_sum	StartTimeUnix	0.023	174.7
otel_metrics_sum	ScopeAttributes	0.004	1965.2
otel_metrics_sum	Exemplars.FilteredAttributes	0.004	1965.2
otel_metrics_sum	Exemplars.TimeUnix	0.004	1965.7
otel_metrics_sum	AggregationTemporality	0.003	1414.4
otel_metrics_sum	producer_epoch	0.002	437.6
otel_metrics_sum	producer_id	0.002	437.6
otel_metrics_sum	ServiceName	0.001	1120
otel_metrics_sum	MetricName	0.001	1003.1
otel_metrics_sum	IsMonotonic	0.001	988.7
otel_metrics_sum	schema_version	0.001	1473.9
otel_metrics_sum	ScopeSchemaUrl	0	6.6
otel_metrics_sum	ScopeDroppedAttrCount	0	6.6
otel_metrics_sum	Flags	0	6.6
otel_metrics_sum_points	Value	1.152	6.9
otel_metrics_sum_points	batch_id	0.068	117.6
otel_metrics_sum_points	TimeUnix	0.06	66.5
otel_metrics_sum_points	series_id	0.025	326
otel_metrics_sum_points	received_at	0.022	363.5
otel_metrics_sum_points	StartTimeUnix	0.015	274.9
otel_metrics_sum_points	row_ordinal	0.011	363.3
otel_metrics_sum_points	Exemplars.TimeUnix	0.005	1459.7
otel_metrics_sum_points	MetricName	0.001	1127.2
otel_metrics_sum_points	ServiceName	0.001	1017
otel_metrics_sum_points	producer_id	0.001	1138.4
otel_metrics_sum_points	producer_epoch	0.001	1138.4
otel_metrics_sum_points	schema_version	0.001	1456.8
otel_metrics_sum_points	Flags	0	234.2
otel_metrics_summary	ResourceAttributes	15.122	32.9
otel_metrics_summary	ValueAtQuantiles.Value	7.191	3.3
otel_metrics_summary	Sum	6.642	1.2
otel_metrics_summary	Count	1.505	5.3
otel_metrics_summary	Attributes	0.739	36.3
otel_metrics_summary	batch_id	0.588	13.6
otel_metrics_summary	MetricDescription	0.319	114.5
otel_metrics_summary	ResourceSchemaUrl	0.268	175.2
otel_metrics_summary	ValueAtQuantiles.Quantile	0.265	120.8
otel_metrics_summary	ScopeName	0.257	62.1
otel_metrics_summary	ScopeVersion	0.257	50.6
otel_metrics_summary	MetricUnit	0.255	39.2
otel_metrics_summary	received_at	0.237	33.7
otel_metrics_summary	row_ordinal	0.078	51.6
otel_metrics_summary	TimeUnix	0.06	66.4
otel_metrics_summary	StartTimeUnix	0.024	166.3
otel_metrics_summary	schema_version	0.009	227.9
otel_metrics_summary	producer_id	0.007	143.8
otel_metrics_summary	producer_epoch	0.007	143.8
otel_metrics_summary	ScopeAttributes	0.003	2611.7
otel_metrics_summary	ServiceName	0.002	470.7
otel_metrics_summary	MetricName	0.002	458.8
otel_metrics_summary	ScopeDroppedAttrCount	0.001	3.7
otel_metrics_summary	ScopeSchemaUrl	0.001	3.7
otel_metrics_summary	Flags	0.001	3.7
otel_metrics_summary_points	ValueAtQuantiles.Value	6.02	4
otel_metrics_summary_points	Sum	4.38	1.8
otel_metrics_summary_points	Count	0.865	9.2
otel_metrics_summary_points	ValueAtQuantiles.Quantile	0.268	119.2
otel_metrics_summary_points	TimeUnix	0.062	64.3
otel_metrics_summary_points	batch_id	0.047	168.9
otel_metrics_summary_points	series_id	0.023	348.9
otel_metrics_summary_points	received_at	0.017	462.7
otel_metrics_summary_points	StartTimeUnix	0.014	279.6
otel_metrics_summary_points	row_ordinal	0.01	385.4
otel_metrics_summary_points	MetricName	0.002	467.4
otel_metrics_summary_points	ServiceName	0.002	412.8
otel_metrics_summary_points	producer_id	0.002	469.5
otel_metrics_summary_points	producer_epoch	0.002	469.4
otel_metrics_summary_points	schema_version	0.001	1572.9
otel_metrics_summary_points	Flags	0	4.4
