start	r1	ReplicatedPartFetches	12
start	r1	ReplicatedPartMerges	3
start	r1	InsertedRows	633036
start	r1	ZooKeeperInit	1
start	r1	ZooKeeperTransactions	3609
start	r1	ZooKeeperList	914
start	r1	ZooKeeperCreate	528
start	r1	ZooKeeperRemove	147
start	r1	ZooKeeperExists	421
start	r1	ZooKeeperGet	862
start	r1	ZooKeeperSet	13
start	r1	ZooKeeperMulti	719
start	r1	ZooKeeperMultiRead	476
start	r1	ZooKeeperMultiWrite	243
start	r1	ZooKeeperSync	5
start	r1	ZooKeeperWatchResponse	77
start	r1	ZooKeeperWatchCallbackDurationMicroseconds	2151
start	r1	ZooKeeperWatchTriggeredOther	12
start	r1	ZooKeeperWatchTriggeredReplicatedMergeTreeLog	37
start	r1	ZooKeeperWatchTriggeredReplicatedMergeTreeMutations	4
start	r1	ZooKeeperWatchTriggeredReplicatedMergeTreeLeaderElection	2
start	r1	ZooKeeperWatchTriggeredReplicatedMergeTreeReplicaSync	22
start	r1	ZooKeeperWaitMicroseconds	16300758
start	r1	ZooKeeperBytesSent	1930780
start	r1	ZooKeeperBytesReceived	2719308
start	r1	MergedRows	1999421
start	r1	UserTimeMicroseconds	14490601
start	r1	SystemTimeMicroseconds	4079708
start	r1	OSCPUVirtualTimeMicroseconds	18561202
start	r1	S3ReadMicroseconds	100180619
start	r1	S3ReadRequestsCount	7345
start	r1	S3WriteMicroseconds	11934884
start	r1	S3WriteRequestsCount	690
start	r1	S3WriteRequestAttempts	690
start	r1	DiskS3ReadMicroseconds	100180619
start	r1	DiskS3ReadRequestsCount	7345
start	r1	DiskS3WriteMicroseconds	11934884
start	r1	DiskS3WriteRequestsCount	690
start	r1	DiskS3WriteRequestAttempts	690
start	r1	S3DeleteObjects	37
start	r1	S3HeadObject	12
start	r1	S3PutObject	653
start	r1	S3GetObject	7333
start	r1	DiskS3DeleteObjects	37
start	r1	DiskS3HeadObject	12
start	r1	DiskS3PutObject	653
start	r1	DiskS3GetObject	7333
start	r1	S3Clients	2
start	r2	ReplicatedPartFetches	146
start	r2	ReplicatedPartMerges	21
start	r2	InsertedRows	49348
start	r2	ZooKeeperInit	1
start	r2	ZooKeeperTransactions	11015
start	r2	ZooKeeperList	3356
start	r2	ZooKeeperCreate	818
start	r2	ZooKeeperRemove	1828
start	r2	ZooKeeperExists	1052
start	r2	ZooKeeperGet	2415
start	r2	ZooKeeperSet	23
start	r2	ZooKeeperMulti	1482
start	r2	ZooKeeperMultiRead	428
start	r2	ZooKeeperMultiWrite	1054
start	r2	ZooKeeperSync	41
start	r2	ZooKeeperWatchResponse	199
start	r2	ZooKeeperWatchCallbackDurationMicroseconds	13549
start	r2	ZooKeeperWatchTriggeredOther	16
start	r2	ZooKeeperWatchTriggeredReplicatedMergeTreeLog	162
start	r2	ZooKeeperWatchTriggeredReplicatedMergeTreeMutations	10
start	r2	ZooKeeperWatchTriggeredReplicatedMergeTreeLeaderElection	11
start	r2	ZooKeeperWaitMicroseconds	125722204
start	r2	ZooKeeperBytesSent	2291931
start	r2	ZooKeeperBytesReceived	3929308
start	r2	MergedRows	11557824
start	r2	UserTimeMicroseconds	50295009
start	r2	SystemTimeMicroseconds	20629426
start	r2	OSCPUVirtualTimeMicroseconds	70922661
start	r2	S3ReadMicroseconds	224930038
start	r2	S3ReadRequestsCount	15503
start	r2	S3ReadRequestsErrors	1
start	r2	S3WriteMicroseconds	85932495
start	r2	S3WriteRequestsCount	3138
start	r2	S3WriteRequestAttempts	3138
start	r2	DiskS3ReadMicroseconds	224930038
start	r2	DiskS3ReadRequestsCount	15503
start	r2	DiskS3ReadRequestsErrors	1
start	r2	DiskS3WriteMicroseconds	85932495
start	r2	DiskS3WriteRequestsCount	3138
start	r2	DiskS3WriteRequestAttempts	3138
start	r2	S3DeleteObjects	589
start	r2	S3HeadObject	66
start	r2	S3PutObject	2549
start	r2	S3GetObject	15436
start	r2	DiskS3DeleteObjects	589
start	r2	DiskS3HeadObject	66
start	r2	DiskS3PutObject	2549
start	r2	DiskS3GetObject	15436
start	r2	S3Clients	2
end	r1	ReplicatedPartFetches	36
end	r1	ReplicatedPartMerges	4
end	r1	InsertedRows	24044
end	r1	ZooKeeperInit	1
end	r1	ZooKeeperTransactions	4186
end	r1	ZooKeeperList	1078
end	r1	ZooKeeperCreate	471
end	r1	ZooKeeperRemove	740
end	r1	ZooKeeperExists	440
end	r1	ZooKeeperGet	786
end	r1	ZooKeeperSet	1
end	r1	ZooKeeperMulti	670
end	r1	ZooKeeperMultiRead	129
end	r1	ZooKeeperMultiWrite	541
end	r1	ZooKeeperWatchResponse	40
end	r1	ZooKeeperWatchCallbackDurationMicroseconds	1103
end	r1	ZooKeeperWatchTriggeredOther	19
end	r1	ZooKeeperWatchTriggeredReplicatedMergeTreeLog	15
end	r1	ZooKeeperWatchTriggeredReplicatedMergeTreeLeaderElection	6
end	r1	ZooKeeperWaitMicroseconds	99189129
end	r1	ZooKeeperBytesSent	1486337
end	r1	ZooKeeperBytesReceived	1800517
end	r1	MergedRows	296635
end	r1	UserTimeMicroseconds	1954859
end	r1	SystemTimeMicroseconds	604497
end	r1	OSCPUVirtualTimeMicroseconds	2557107
end	r1	S3ReadMicroseconds	600949367
end	r1	S3ReadRequestsCount	14375
end	r1	S3WriteMicroseconds	100276141
end	r1	S3WriteRequestsCount	403
end	r1	S3WriteRequestAttempts	403
end	r1	DiskS3ReadMicroseconds	600949367
end	r1	DiskS3ReadRequestsCount	14375
end	r1	DiskS3WriteMicroseconds	100276141
end	r1	DiskS3WriteRequestsCount	403
end	r1	DiskS3WriteRequestAttempts	403
end	r1	S3DeleteObjects	89
end	r1	S3HeadObject	34
end	r1	S3PutObject	314
end	r1	S3GetObject	14341
end	r1	DiskS3DeleteObjects	89
end	r1	DiskS3HeadObject	34
end	r1	DiskS3PutObject	314
end	r1	DiskS3GetObject	14341
end	r1	S3Clients	2
end	r2	ReplicatedPartFetches	41
end	r2	ReplicatedPartMerges	18
end	r2	InsertedRows	90142
end	r2	ZooKeeperInit	1
end	r2	ZooKeeperTransactions	8994
end	r2	ZooKeeperList	2840
end	r2	ZooKeeperCreate	603
end	r2	ZooKeeperRemove	896
end	r2	ZooKeeperExists	1485
end	r2	ZooKeeperGet	1649
end	r2	ZooKeeperSet	1
end	r2	ZooKeeperMulti	1520
end	r2	ZooKeeperMultiRead	346
end	r2	ZooKeeperMultiWrite	1174
end	r2	ZooKeeperWatchResponse	144
end	r2	ZooKeeperWatchCallbackDurationMicroseconds	52685
end	r2	ZooKeeperWatchTriggeredOther	19
end	r2	ZooKeeperWatchTriggeredReplicatedMergeTreeLog	122
end	r2	ZooKeeperWatchTriggeredReplicatedMergeTreeLeaderElection	3
end	r2	ZooKeeperWaitMicroseconds	111557893
end	r2	ZooKeeperBytesSent	2308535
end	r2	ZooKeeperBytesReceived	4579629
end	r2	MergedRows	385050
end	r2	UserTimeMicroseconds	6124491
end	r2	SystemTimeMicroseconds	1556297
end	r2	OSCPUVirtualTimeMicroseconds	7674630
end	r2	S3ReadMicroseconds	333959264
end	r2	S3ReadRequestsCount	12548
end	r2	S3WriteMicroseconds	120224129
end	r2	S3WriteRequestsCount	2002
end	r2	S3WriteRequestAttempts	2002
end	r2	DiskS3ReadMicroseconds	323389375
end	r2	DiskS3ReadRequestsCount	11360
end	r2	DiskS3WriteMicroseconds	120224129
end	r2	DiskS3WriteRequestsCount	2002
end	r2	DiskS3WriteRequestAttempts	2002
end	r2	S3DeleteObjects	33
end	r2	S3HeadObject	624
end	r2	S3PutObject	1969
end	r2	S3GetObject	11924
end	r2	DiskS3DeleteObjects	33
end	r2	DiskS3HeadObject	30
end	r2	DiskS3PutObject	1969
end	r2	DiskS3GetObject	11330
end	r2	S3Clients	91
