start	r1	ReplicatedPartFetches	523
start	r1	ReplicatedPartMerges	56
start	r1	InsertedRows	434033
start	r1	ZooKeeperInit	5
start	r1	ZooKeeperTransactions	23552
start	r1	ZooKeeperList	6545
start	r1	ZooKeeperCreate	1760
start	r1	ZooKeeperRemove	1712
start	r1	ZooKeeperExists	2546
start	r1	ZooKeeperGet	5198
start	r1	ZooKeeperSet	21
start	r1	ZooKeeperMulti	5770
start	r1	ZooKeeperMultiRead	1462
start	r1	ZooKeeperMultiWrite	4308
start	r1	ZooKeeperClose	4
start	r1	ZooKeeperWatchResponse	830
start	r1	ZooKeeperWatchCallbackDurationMicroseconds	84694
start	r1	ZooKeeperWatchTriggeredOther	12
start	r1	ZooKeeperWatchTriggeredReplicatedMergeTreeLog	790
start	r1	ZooKeeperWatchTriggeredReplicatedMergeTreeMutations	36
start	r1	ZooKeeperWatchTriggeredReplicatedMergeTreeLeaderElection	60
start	r1	ZooKeeperWatchTriggeredReplicatedMergeTreeReplicaSync	6
start	r1	ZooKeeperWatchTriggeredDistributedDDL	4
start	r1	ZooKeeperHardwareExceptions	33
start	r1	ZooKeeperWaitMicroseconds	247972611
start	r1	ZooKeeperBytesSent	4526363
start	r1	ZooKeeperBytesReceived	4503669
start	r1	MergedRows	1222628
start	r1	UserTimeMicroseconds	22983872
start	r1	SystemTimeMicroseconds	7598169
start	r1	OSCPUVirtualTimeMicroseconds	30574160
start	r1	S3ReadMicroseconds	132427202
start	r1	S3ReadRequestsCount	22330
start	r1	S3WriteMicroseconds	280914518
start	r1	S3WriteRequestsCount	7604
start	r1	S3WriteRequestAttempts	7604
start	r1	DiskS3ReadMicroseconds	107968561
start	r1	DiskS3ReadRequestsCount	18858
start	r1	DiskS3WriteMicroseconds	280914518
start	r1	DiskS3WriteRequestsCount	7604
start	r1	DiskS3WriteRequestAttempts	7604
start	r1	S3DeleteObjects	69
start	r1	S3HeadObject	1940
start	r1	S3PutObject	7535
start	r1	S3GetObject	20390
start	r1	DiskS3DeleteObjects	69
start	r1	DiskS3HeadObject	204
start	r1	DiskS3PutObject	7535
start	r1	DiskS3GetObject	18654
start	r1	S3Clients	291
start	r2	ReplicatedPartFetches	482
start	r2	ReplicatedPartMerges	64
start	r2	InsertedRows	233451
start	r2	ZooKeeperInit	5
start	r2	ZooKeeperTransactions	24839
start	r2	ZooKeeperList	7034
start	r2	ZooKeeperCreate	1819
start	r2	ZooKeeperRemove	2106
start	r2	ZooKeeperExists	2584
start	r2	ZooKeeperGet	5405
start	r2	ZooKeeperSet	21
start	r2	ZooKeeperMulti	5870
start	r2	ZooKeeperMultiRead	1491
start	r2	ZooKeeperMultiWrite	4379
start	r2	ZooKeeperClose	4
start	r2	ZooKeeperWatchResponse	835
start	r2	ZooKeeperWatchCallbackDurationMicroseconds	65801
start	r2	ZooKeeperWatchTriggeredOther	18
start	r2	ZooKeeperWatchTriggeredReplicatedMergeTreeLog	790
start	r2	ZooKeeperWatchTriggeredReplicatedMergeTreeMutations	36
start	r2	ZooKeeperWatchTriggeredReplicatedMergeTreeLeaderElection	58
start	r2	ZooKeeperWatchTriggeredReplicatedMergeTreeReplicaSync	6
start	r2	ZooKeeperWatchTriggeredDistributedDDL	4
start	r2	ZooKeeperHardwareExceptions	35
start	r2	ZooKeeperWaitMicroseconds	257063767
start	r2	ZooKeeperBytesSent	4658157
start	r2	ZooKeeperBytesReceived	4551345
start	r2	MergedRows	1033827
start	r2	UserTimeMicroseconds	22244839
start	r2	SystemTimeMicroseconds	6619910
start	r2	OSCPUVirtualTimeMicroseconds	28848068
start	r2	S3ReadMicroseconds	131057215
start	r2	S3ReadRequestsCount	22414
start	r2	S3WriteMicroseconds	284248464
start	r2	S3WriteRequestsCount	7514
start	r2	S3WriteRequestAttempts	7514
start	r2	DiskS3ReadMicroseconds	108575324
start	r2	DiskS3ReadRequestsCount	18848
start	r2	DiskS3WriteMicroseconds	284248464
start	r2	DiskS3WriteRequestsCount	7514
start	r2	DiskS3WriteRequestAttempts	7514
start	r2	S3DeleteObjects	110
start	r2	S3HeadObject	1981
start	r2	S3PutObject	7404
start	r2	S3GetObject	20433
start	r2	DiskS3DeleteObjects	110
start	r2	DiskS3HeadObject	198
start	r2	DiskS3PutObject	7404
start	r2	DiskS3GetObject	18650
start	r2	S3Clients	323
end	r1	ReplicatedPartFetches	500
end	r1	ReplicatedPartMerges	129
end	r1	InsertedRows	477794
end	r1	ZooKeeperInit	2
end	r1	ZooKeeperTransactions	31412
end	r1	ZooKeeperList	8204
end	r1	ZooKeeperCreate	2576
end	r1	ZooKeeperRemove	3272
end	r1	ZooKeeperExists	3351
end	r1	ZooKeeperGet	6262
end	r1	ZooKeeperSet	2
end	r1	ZooKeeperMulti	7745
end	r1	ZooKeeperMultiRead	1986
end	r1	ZooKeeperMultiWrite	5759
end	r1	ZooKeeperClose	1
end	r1	ZooKeeperWatchResponse	969
end	r1	ZooKeeperWatchCallbackDurationMicroseconds	139387
end	r1	ZooKeeperWatchTriggeredOther	32
end	r1	ZooKeeperWatchTriggeredReplicatedMergeTreeLog	889
end	r1	ZooKeeperWatchTriggeredReplicatedMergeTreeMutations	16
end	r1	ZooKeeperWatchTriggeredReplicatedMergeTreeLeaderElection	65
end	r1	ZooKeeperWatchTriggeredDistributedDDL	1
end	r1	ZooKeeperHardwareExceptions	390
end	r1	ZooKeeperWaitMicroseconds	435733231
end	r1	ZooKeeperBytesSent	6631721
end	r1	ZooKeeperBytesReceived	8213537
end	r1	MergedRows	8224098
end	r1	UserTimeMicroseconds	46591769
end	r1	SystemTimeMicroseconds	10402964
end	r1	OSCPUVirtualTimeMicroseconds	56984903
end	r1	S3ReadMicroseconds	573445923
end	r1	S3ReadRequestsCount	40436
end	r1	S3ReadRequestsErrors	1
end	r1	S3WriteMicroseconds	771714522
end	r1	S3WriteRequestsCount	12470
end	r1	S3WriteRequestAttempts	12470
end	r1	DiskS3ReadMicroseconds	479922596
end	r1	DiskS3ReadRequestsCount	32092
end	r1	DiskS3ReadRequestsErrors	1
end	r1	DiskS3WriteMicroseconds	771714522
end	r1	DiskS3WriteRequestsCount	12470
end	r1	DiskS3WriteRequestAttempts	12470
end	r1	S3DeleteObjects	126
end	r1	S3HeadObject	4362
end	r1	S3PutObject	12344
end	r1	S3GetObject	36073
end	r1	DiskS3DeleteObjects	126
end	r1	DiskS3HeadObject	190
end	r1	DiskS3PutObject	12344
end	r1	DiskS3GetObject	31901
end	r1	S3Clients	344
end	r2	ReplicatedPartFetches	81
end	r2	ReplicatedPartMerges	14
end	r2	InsertedRows	23110
end	r2	ZooKeeperInit	1
end	r2	ZooKeeperTransactions	4282
end	r2	ZooKeeperList	1131
end	r2	ZooKeeperCreate	490
end	r2	ZooKeeperRemove	340
end	r2	ZooKeeperExists	576
end	r2	ZooKeeperGet	939
end	r2	ZooKeeperSet	1
end	r2	ZooKeeperMulti	805
end	r2	ZooKeeperMultiRead	241
end	r2	ZooKeeperMultiWrite	564
end	r2	ZooKeeperWatchResponse	83
end	r2	ZooKeeperWatchCallbackDurationMicroseconds	6330
end	r2	ZooKeeperWatchTriggeredOther	16
end	r2	ZooKeeperWatchTriggeredReplicatedMergeTreeLog	65
end	r2	ZooKeeperWatchTriggeredReplicatedMergeTreeLeaderElection	2
end	r2	ZooKeeperWaitMicroseconds	97844112
end	r2	ZooKeeperBytesSent	1405908
end	r2	ZooKeeperBytesReceived	1761136
end	r2	MergedRows	1534916
end	r2	UserTimeMicroseconds	3517042
end	r2	SystemTimeMicroseconds	879034
end	r2	OSCPUVirtualTimeMicroseconds	4387800
end	r2	S3ReadMicroseconds	137691003
end	r2	S3ReadRequestsCount	6490
end	r2	S3ReadRequestsErrors	1
end	r2	S3WriteMicroseconds	46452301
end	r2	S3WriteRequestsCount	1290
end	r2	S3WriteRequestAttempts	1290
end	r2	DiskS3ReadMicroseconds	137691003
end	r2	DiskS3ReadRequestsCount	6490
end	r2	DiskS3ReadRequestsErrors	1
end	r2	DiskS3WriteMicroseconds	46452301
end	r2	DiskS3WriteRequestsCount	1290
end	r2	DiskS3WriteRequestAttempts	1290
end	r2	S3DeleteObjects	12
end	r2	S3HeadObject	41
end	r2	S3PutObject	1278
end	r2	S3GetObject	6448
end	r2	DiskS3DeleteObjects	12
end	r2	DiskS3HeadObject	41
end	r2	DiskS3PutObject	1278
end	r2	DiskS3GetObject	6448
end	r2	S3Clients	2
